id,name,duration,thumbnail,path,lyrics,release_date
1,Mưa Nào Mà Hông Tạnh,213,https://lh3.googleusercontent.com/OJgOcfA4s4nvvwMA5DW69-7mNv-luYMFjxHZvBJb_39U-NsEHuC9wIV4LZ2MjPiMNuZr3qWNRzV19Po=w120-h120-l90-rj,https://storage.googleapis.com/harmony-music-x.appspot.com/songs/QBwHFpXk-Mo.mp3,,
2,Shay Nắnggg,209,https://lh3.googleusercontent.com/pjPpz6PDgvcr93DPiBEWPLRgTifxklYSZVawv6Ezp5NSnEjzMlZ02tWFM-sQSU8wEZnbHOoF8HB57MQ63A=w120-h120-l90-rj,https://storage.googleapis.com/harmony-music-x.appspot.com/songs/MQa_NeoMhsQ.mp3,,
3,ưng quá chừng,82,https://lh3.googleusercontent.com/dVbgJckIqUGz4DNerjDzGWs23ka7DGXP1iA4mwggZ3pKHuLO4dExNPNh8KS5zS2XwACfiJvHdzJF_vGP=w120-h120-l90-rj,https://storage.googleapis.com/harmony-music-x.appspot.com/songs/gzaTn4BHLZo.mp3,,
4,Sao Anh Chưa Về Nhà (feat. Ricky Star),248,https://lh3.googleusercontent.com/aZbQ7gsAizgC-A6F0tKKXMEloOTFtI3XrjEZmr6JEfUHQM2qUciUm_wmnuYFjEPBZHPN__S2H9r7BXSm9A=w120-h120-l90-rj,https://storage.googleapis.com/harmony-music-x.appspot.com/songs/2FIewNo4K3s.mp3,,
5,anh nhà ở đâu thế,216,https://lh3.googleusercontent.com/7C5RCiox3tK-FlJUnjlhrKFttQSi0YtXteGMaSsLiGmdkEoq3F0tZ6FpVs7JNaWYV0YFFsCRKw1CTV4=w120-h120-l90-rj,https://storage.googleapis.com/harmony-music-x.appspot.com/songs/0pX2LGd6pUQ.mp3,,
6,Chúng Ta Của Tương Lai,250,https://lh3.googleusercontent.com/wox7fceHTKj6eps4V4dO11iER1XzEDPKd2cP6AEhWa8Opy3ha5rUegpZhBlQ-kfWM6RaoPUXmGgNLls=w120-h120-l90-rj,https://storage.googleapis.com/harmony-music-x.appspot.com/songs/rAbJBorb8Qo.mp3,,
7,Chúng Ta Của Hiện Tại,302,https://lh3.googleusercontent.com/R96C4cCNuVOuaKpo8AfoM2ienXSOY3rhljcOi2_7Cg1KnjyZ3hr1X_A5Z8G5vOg645yG6P8txcu1r5kI=w120-h120-l90-rj,https://storage.googleapis.com/harmony-music-x.appspot.com/songs/bNp9pn0ni3I.mp3,,
8,MAKING MY WAY,259,https://lh3.googleusercontent.com/4W7UzpwfJwYvB--1T8UQ6FdLBCfPH2zTElbCwnNp_wKYA_WvEJOvSNO9dg27YKbs1Wa8Y05iXhXL4hsL=w120-h120-l90-rj,https://storage.googleapis.com/harmony-music-x.appspot.com/songs/-E2u6exhzPE.mp3,,
9,Hãy Trao Cho Anh (feat. Snoop Dogg),246,https://lh3.googleusercontent.com/XUL3o2EPMtfAppLw5fDHBPqB8CmWLfsWQTalYQmhQAkAdlsWsVIdUgnT6lYfpYE_dBFdOYiWLlo70tgR=w120-h120-l90-rj,https://storage.googleapis.com/harmony-music-x.appspot.com/songs/emMR03tG2CE.mp3,,
10,Muộn Rồi Mà Sao Còn,276,https://lh3.googleusercontent.com/P91TazxnU8veJCp9Uq8pb0lWCSd23QDO3_5xmVykXuFG98U_JgYLk4THqfqmSNp5SjHjB7M7KcQ_9bYQdQ=w120-h120-l90-rj,https://storage.googleapis.com/harmony-music-x.appspot.com/songs/dLoIOUe1oes.mp3,,
11,My Everything,198,https://lh3.googleusercontent.com/iLtU0PIwmVtWX-85Q3evs6vbX34UK9X5InYXtjZQat44KFlw2OWxy9ZOZTxk06bDy-uoV0mt4ZT2IxHyeA=w120-h120-l90-rj,https://storage.googleapis.com/harmony-music-x.appspot.com/songs/1DXF1gifVik.mp3,,
12,Vì Tôi Còn Sống (Dsmall Remix),260,https://lh3.googleusercontent.com/rY-1n2mIKhgZuoLs0mzUvklJvdzJ53R1tCuTNLIhqV2-kfQqmREkApZEo_A-eTmEuALjq1ceg03_BKY=w120-h120-l90-rj,https://storage.googleapis.com/harmony-music-x.appspot.com/songs/7jB1akw5clQ.mp3,,
13,Say You Do,221,https://lh3.googleusercontent.com/NFoDSLQfxEKd56CmVrRaFJ8-82oPqMfyH4HSObzZi1UecyftAHWW7qdXlx58Dox1FOThGgogO_7OPs3x=w120-h120-l90-rj,https://storage.googleapis.com/harmony-music-x.appspot.com/songs/7hN4id7u4M8.mp3,,
14,Anh Vui Không?,297,https://lh3.googleusercontent.com/Ho4W-2TIEIAFus1oRQQUdMYzstqggTrI608OU_JDosAm2JavKqcetOjMOAP3SgHNz5lq8UJT8PoUdVaL=w120-h120-l90-rj,https://storage.googleapis.com/harmony-music-x.appspot.com/songs/k_5xfYCL5yc.mp3,,
15,Đi Về Đâu,223,https://lh3.googleusercontent.com/_8aCjOxXw-Rte8IaCXsz2CW_GOY3QyrODrODJfdX_-7xiDv7QIPC913zLOpcr33fA4t_qGEwUCCjXEAFOQ=w120-h120-l90-rj,https://storage.googleapis.com/harmony-music-x.appspot.com/songs/sH7TxCT7yiA.mp3,,
16,Castle on the Hill,262,https://lh3.googleusercontent.com/xpDEOr2TeqEn1QpXosXhqtj149FzNnTgAG3oqPnpTxTbQk-oceO90Sz4Axq0s4Jp_QLGQha_um6_EG3WGQ=w120-h120-l90-rj,https://storage.googleapis.com/harmony-music-x.appspot.com/songs/wqlTrBCNRiY.mp3,,
17,Bad Habits,231,https://lh3.googleusercontent.com/3xN5Rqah_iSMqbl3ZMCr9MjnEBVyBLmLng0f-MCvFFdfPNhK619ikGwAD0iOBkzCOXIlucWE0lLLXJA=w120-h120-l90-rj,https://storage.googleapis.com/harmony-music-x.appspot.com/songs/hJWSZDJb-W4.mp3,,
18,Shivers,208,https://lh3.googleusercontent.com/LDjFD-70y9c3aYL3-2zTUXkmlWfNlryJllQpHZLxZgi0i73pGx9JaJkNzDTo2LO9cGBDJx7E4eWdytMA=w120-h120-l90-rj,https://storage.googleapis.com/harmony-music-x.appspot.com/songs/G1ej5up7JG0.mp3,,
19,Let It Out,232,https://lh3.googleusercontent.com/xESC6YGPy6Jj3LES1NuhyAWBxVJrDgWL_pViNBZ0wPYgTNzmDSlNt9zeSLLgoc82mD7SKTUswO6oAZf3=w120-h120-l90-rj,https://storage.googleapis.com/harmony-music-x.appspot.com/songs/u7UC6UOlriw.mp3,,
20,How Would You Feel (Paean),281,https://lh3.googleusercontent.com/Q55rIAk_fG3Q4HmtuD9ZQOniqMdd5wPK9ZnecT-pqaINoBPGkZpQdty93QCUF1pMLS1hk-QTwGM5HtcP=w120-h120-l90-rj,https://storage.googleapis.com/harmony-music-x.appspot.com/songs/g6cMw396dyM.mp3,,
21,Tình Đã Đầy Một Tim,268,https://lh3.googleusercontent.com/kclUQTBPBl1OmrggyUtntQXxTx5hTUTGV9vaqsaO333H7CWLEqP1g8fu6KgzTjTGlswpjjGJ-2bPQapSgQ=w120-h120-l90-rj,https://storage.googleapis.com/harmony-music-x.appspot.com/songs/nsoA1bAfTNQ.mp3,,
22,Phố Đã Lên Đèn,287,https://lh3.googleusercontent.com/8Qjm2KNvV3whnBjBdofe_ujAbebJBgXBfG8VVz9pLB7T8SPcTlpMvNzgqtmzM6etmKBCG8lhv5zJsqM=w120-h120-l90-rj,https://storage.googleapis.com/harmony-music-x.appspot.com/songs/t3ZmgqercXs.mp3,,
23,LẦN HẸN HÒ ĐẦU TIÊN,268,https://lh3.googleusercontent.com/JLZLuvqvClctHBvlP6Hn_CSS1hUw5yEO8QIq7xQ8j7qoURgh5AkW52tPx4xJermCzhhmpqF71gebWYg=w120-h120-l90-rj,https://storage.googleapis.com/harmony-music-x.appspot.com/songs/TNMmzx7cXWI.mp3,,
24,LIỆU CHÂN THÀNH CÓ ĐỔI ĐƯỢC CHÂN TÌNH,388,https://lh3.googleusercontent.com/vINWu03uUlxlYYOwMfqYWEonW3Igt9uhoTPuVtDMncdvvmMlDytW794WSq1HJB2PLUQLXFEo3oi3GeCg=w120-h120-l90-rj,https://storage.googleapis.com/harmony-music-x.appspot.com/songs/RQ_24RuxcgQ.mp3,,
25,Phố Đã Lên Đèn (Remix),208,https://lh3.googleusercontent.com/WrFrHdpTlxfXQRhn0ER7vTeZ9fBzKauqjS7Y7bis_vlDZkSlN-51v1qJhJOw66DQmDLrO2rt6oIE8w-j=w120-h120-l90-rj,https://storage.googleapis.com/harmony-music-x.appspot.com/songs/mlyHoPF_yWQ.mp3,,
26,Lỡ Yêu Mất Rồi (feat. Tùng Maru),239,https://lh3.googleusercontent.com/BuwpVLsESJnxAjqFo1uACr0XFMkKltj2qmNvHvre-XVUDauufKsQtx68izzSu4emfD7RGWCkRs5t6rOz=w120-h120-l90-rj,https://storage.googleapis.com/harmony-music-x.appspot.com/songs/1sLxLRlpr_o.mp3,,
27,Đếm Cừu,212,https://lh3.googleusercontent.com/E-quFz7DfkrWC7KCryeFclG_Qg8azKgmhD_aQGV-GiVTDoYv09Y9yl7mhcMz-PXO3kX9bRUF_ZuoAejIxw=w120-h120-l90-rj,https://storage.googleapis.com/harmony-music-x.appspot.com/songs/aXnUOVfr-go.mp3,,
28,lyhoptinh (feat. Han Sara),208,https://lh3.googleusercontent.com/qh0oDVWZcu0kmWnLwqI6EIvUxkJ4JsoMy8zrl-NR234tb1fgdMU7jOqSqKTa7yft6YSn7aXMa2kc9p1R=w120-h120-l90-rj,https://storage.googleapis.com/harmony-music-x.appspot.com/songs/Ieiqd51SNvI.mp3,,
29,Tớ Thích Cậu,199,https://lh3.googleusercontent.com/NlNxAoUFB9uRFWqVMiUYTxDX_v-PIhqp7-i5QfI8c4Qd79D8q5sJ4SJURpqmqITpLhJB7HzsFrfy6A-H=w120-h120-l90-rj,https://storage.googleapis.com/harmony-music-x.appspot.com/songs/rqePweT4vHs.mp3,,
30,Tớ Thích Cậu,203,https://lh3.googleusercontent.com/Q84S_uK2vaSltc_UmhZzW_r17WqY6Xx8tLe0hyklcIEN7fjvIADnqIaCZLj8U3ZYK2phPCNEPDMK4gk=w120-h120-l90-rj,https://storage.googleapis.com/harmony-music-x.appspot.com/songs/oaRUPkB8Z4Q.mp3,,
31,Rồi Mình Sẽ Gặp Nhau (Mười: Lời Nguyền Trở Lại Original Soundtrack),245,https://lh3.googleusercontent.com/ehvTUXz1QT6-89ULMI5C8qi6rb48RS9fVThjbIAZPmRE3QkYWlzMce9ndfkjlrxSMP8pjCkfxp1ZPFc=w120-h120-l90-rj,https://storage.googleapis.com/harmony-music-x.appspot.com/songs/WeCHqfn7XIE.mp3,,
32,Mình Hẹn Hò Nhau Đi (feat. Huỳnh Hiền Năng),223,https://lh3.googleusercontent.com/VxKoztemAYtFiLKdVIRRLfW80DguFuu63HRt5VCvv27qRJZX-cNzxdlLQ7qJgrkx49oZZ71kB6alhyM=w120-h120-l90-rj,https://storage.googleapis.com/harmony-music-x.appspot.com/songs/uyI0n94WOng.mp3,,
33,Tự Nhiên Cái Tết,227,https://lh3.googleusercontent.com/Qj0gYWmxWz7PRJssO8KjhtAEDxj9hLBBkeIPw5fbBzuusbXtiG4vL_0DmpwIvngP1grDtY-TWcTtbX0=w120-h120-l90-rj,https://storage.googleapis.com/harmony-music-x.appspot.com/songs/0ucQufIgiA4.mp3,,
34,Úm Ba La,213,https://lh3.googleusercontent.com/V153VgWhzVDzOSy9WJj0qjsn4s2jIjztPmDC3Tn2E4kE3MldFnR3_aX0TX4maZ-V1tcNhCcb69wz2EY=w120-h120-l90-rj,https://storage.googleapis.com/harmony-music-x.appspot.com/songs/34pb1o_LrYM.mp3,,
35,Hiếm Có Khó Tìm (feat. Han Sara),197,https://lh3.googleusercontent.com/BOfSpCTtloGFEU9pOAbyON3KQSkEAC-bw2_imoE5H1yc0sxbbkCG6U4_duzCafeJn2S_RLw6kyyQ9kUX=w120-h120-l90-rj,https://storage.googleapis.com/harmony-music-x.appspot.com/songs/EzhmR6mKTog.mp3,,
36,Yêu Đến Đâu Hay Đến Đó (feat. Tùng Maru),239,https://lh3.googleusercontent.com/70nOug8Jmw31GWLX2vZP-vRJ9TaGN55EX8ATcTD-g-3ksjTYem66S93GQby6jK0OQbLakswRYLPpekfp=w120-h120-l90-rj,https://storage.googleapis.com/harmony-music-x.appspot.com/songs/EC0L8b3if0Y.mp3,,
37,Tết Đón Xuân Về,295,https://lh3.googleusercontent.com/co6xG3Lz9yA5KI588vrdEIH0fVmBKQFbRFJs4-Tm9vTlHlL_PWXxisePVYuXa_omzDhBU4SJyyusv4Ccew=w120-h120-l90-rj,https://storage.googleapis.com/harmony-music-x.appspot.com/songs/8mer6spiSxo.mp3,,
38,Thế Là Không Xanh Chín Rồi,193,https://lh3.googleusercontent.com/xXv2NTgAq8KVzzs8MZrsmlT-40FQm8VNeL40hk8ayhlnf7tJEKOFOaJEkbGHnsUN10Qc3l6HLbYWN-HU=w120-h120-l90-rj,https://storage.googleapis.com/harmony-music-x.appspot.com/songs/hc5sF4QgtJQ.mp3,,
39,Đã Xem Đấy Là Yêu (feat. Tùng Maru),248,https://lh3.googleusercontent.com/vp_vpcRkjV_SI9Mjbq3j180_P-CnYX9J5TWYz8Vh0mGnUvbgRzd4Y_Q8PmVnr1GBqzxyQacpotmdJY3R=w120-h120-l90-rj,https://storage.googleapis.com/harmony-music-x.appspot.com/songs/A2M7JoLDztw.mp3,,
40,Let Me Go (feat. Rtee),234,https://lh3.googleusercontent.com/i0ief1MGDIa7Xl1Q8WNxP_cweOmpOV_YV5v__i-xn4y1KfUW5ur5X6ZxoL4ZPWAyuW-wu8BhEPhwV1F-Nw=w120-h120-l90-rj,https://storage.googleapis.com/harmony-music-x.appspot.com/songs/rPomUkB7WW0.mp3,,
41,Que A Du,219,https://lh3.googleusercontent.com/K3V56z7a0eYQJ0saa5f2MnyKG4ZEQsQJO9bLXrD-pY1QA1B5St677n-vfRrOWjtgv4yvxbdwTb_KOsaq=w120-h120-l90-rj,https://storage.googleapis.com/harmony-music-x.appspot.com/songs/412WG4Jy-nw.mp3,,
42,Ba Chúng Ta (Three Of Us),256,https://lh3.googleusercontent.com/BOnbIoyqrNUEgVvXdQ8XoMga97WxwRMrXt5OkzpDRAYrPJT9MfomrpdXwDMmuACVg1WutGvADK8Q2T8=w120-h120-l90-rj,https://storage.googleapis.com/harmony-music-x.appspot.com/songs/S9gmZRC0Zlc.mp3,,
43,Xin Đừng Nhấc Máy,188,https://lh3.googleusercontent.com/dHA1gJRKqQoryLBsEHZ-o7d22LZkE7w_fQJPBnAen97nmHgi9Eqyk4vnjgc8kcUsdE2uqfCzTmEG0Hpr=w120-h120-l90-rj,https://storage.googleapis.com/harmony-music-x.appspot.com/songs/lPvkUhZcxPY.mp3,,
44,Xin Đừng Nhấc Máy (Acoustic),198,https://lh3.googleusercontent.com/Ef3vVbw7yN02dXbdoD5u5rUxAgAMKX2_LhN-_q9KErB2r_O5nYS6RhLJ49mTGgS7j1zLkw0cVVr5DHck=w120-h120-l90-rj,https://storage.googleapis.com/harmony-music-x.appspot.com/songs/jPLSZpqBVfY.mp3,,
45,Xuan Ve Khap Noi,201,https://lh3.googleusercontent.com/vDNNo6-T48RHLN8rcGvSgFSFfe3eHzqfmYSS-PYiX17pt7eBYbM65jfI_0QnY7akSOqtHQvswMHne7A-Aw=w120-h120-l90-rj,https://storage.googleapis.com/harmony-music-x.appspot.com/songs/BhY6hbgtBBc.mp3,,
46,Co Bao Nhieu Choi Bay Nhieu,269,https://lh3.googleusercontent.com/Mjg2HISdKUO0wxJ91Bt-LjUy1IsWO1dqxi43JawCA5IyVvUU7jZbZNJ7bVP79QvSOlHoODWp9Qpygmxa=w120-h120-l90-rj,https://storage.googleapis.com/harmony-music-x.appspot.com/songs/WJ0Xxruy4D8.mp3,,
47,Công Chúa Xuân (feat. Seachains),200,https://lh3.googleusercontent.com/WOzO1TbUQ63qutStevcaDZrHpoUuZtNff4TWwrJRh17vf9K-FQsSSjVNP3S0a6aPX8kog58t71BnsGmF=w120-h120-l90-rj,https://storage.googleapis.com/harmony-music-x.appspot.com/songs/eG4VQasTK2k.mp3,,
48,Vui Nhu Tet,297,https://lh3.googleusercontent.com/vDNNo6-T48RHLN8rcGvSgFSFfe3eHzqfmYSS-PYiX17pt7eBYbM65jfI_0QnY7akSOqtHQvswMHne7A-Aw=w120-h120-l90-rj,https://storage.googleapis.com/harmony-music-x.appspot.com/songs/w6iF82hob5U.mp3,,
49,Đã Xem Đấy Là Yêu,249,https://lh3.googleusercontent.com/vp_vpcRkjV_SI9Mjbq3j180_P-CnYX9J5TWYz8Vh0mGnUvbgRzd4Y_Q8PmVnr1GBqzxyQacpotmdJY3R=w120-h120-l90-rj,https://storage.googleapis.com/harmony-music-x.appspot.com/songs/IS6XO5TiHfY.mp3,,
50,Sakhiyaan,180,https://lh3.googleusercontent.com/xPIMRy2kSfrBlj-eVFBY3Kv8PLQWpitn4US-0FTSHowQImMZBgLH8ROqgLvwS0ESBZQpCrOrrzTy3tLQdA=w120-h120-l90-rj,https://storage.googleapis.com/harmony-music-x.appspot.com/songs/-DQ78gRGvA8.mp3,,
51,Feelings,225,https://lh3.googleusercontent.com/7pdku5TGM-COWEeCbWHXJJrkkwNZ6xjf4r1zPzyqQxFaAv_WC8P92wkbbeVKFzKgb0iJHbjhKtNqUGxH=w120-h120-l90-rj,https://storage.googleapis.com/harmony-music-x.appspot.com/songs/J8xPAONetIU.mp3,,
52,Kaisi Teri Khudgharzi (Original Score),370,https://lh3.googleusercontent.com/zteFVz-2HffgRsuU8C6zIdP7tAL8FvYft0NlNIOgjjnD6ElAXIRt2Ki0WPUvuepdh1HltxUkU4BXbeJo=w120-h120-l90-rj,https://storage.googleapis.com/harmony-music-x.appspot.com/songs/iMUnUZQXO4I.mp3,,
53,Shree Hanuman Chalisa,645,https://lh3.googleusercontent.com/kW9c3NhFNBmldZXrOtpq72fNffqFe_576p4r_oUqhgpQFW6jPbHmFdShEeWzlcTVgBvcE9jPSz9_E8yB=w120-h120-l90-rj,https://storage.googleapis.com/harmony-music-x.appspot.com/songs/sEw46Q6AZhA.mp3,,
54,Mera Dil Ye Pukare Aaja,273,https://lh3.googleusercontent.com/U6YeviuT-THmcFMGB9aQFdD4rWZH7h9ltrFuunNPaWuAU2VfI9ianDar4XFCNz8-n4spI9E1wsJEJmUe=w120-h120-l90-rj,https://storage.googleapis.com/harmony-music-x.appspot.com/songs/vF2Lo9SzAbs.mp3,,
55,Manike,198,https://lh3.googleusercontent.com/mCkg-VoJ_K0CSZ6P-Sp2y8-9lJl_5nxejAJK5gSZCbSdw1tfCofTzYS6Vdjmt6rzFVDBzb47xeRq3Lgw=w120-h120-l90-rj,https://storage.googleapis.com/harmony-music-x.appspot.com/songs/99CFGKKvzRs.mp3,,
56,Sankatmochan,454,https://lh3.googleusercontent.com/NRLqYo5JTbGbI6o-R3E2EsNVGS1q2mpVDBNnbXFPKWcxKNj7I4uKTN3QwTB0LBu9sm7fd8mFJTRTVdg8=w120-h120-l90-rj,https://storage.googleapis.com/harmony-music-x.appspot.com/songs/LbRZW_36qbU.mp3,,
57,Dilli Sara,212,https://lh3.googleusercontent.com/Mh8P8NIqQPU0GcypNXsAV5MWTMtTZcI7pHORl2FnHwefmN3rN_v9lJ6T2kCsUA9dBGJtwbi0wWbdIRc=w120-h120-l90-rj,https://storage.googleapis.com/harmony-music-x.appspot.com/songs/kBJq7Io-AKc.mp3,,
58,Aaj Sajeya,230,https://lh3.googleusercontent.com/FPWIbk4nqqBo3ir_vXECEeyA6dU6W7I-d3mw2aOPI-t1kik1Z1v40B7vsL4Ghd-Yi9ctOcmtvtXL8GrK=w120-h120-l90-rj,https://storage.googleapis.com/harmony-music-x.appspot.com/songs/Het4pXDENBI.mp3,,
59,"Tum Hi Aana (From ""Marjaavaan"")",249,https://lh3.googleusercontent.com/I1joWeHM_7TM_uJ-cQrn3OmZ9plqWxhB74zeYcgPDwCZwoXPb0JkEQ7L8KevoAt8CIDpX6ztKOllrZI=w120-h120-l90-rj,https://storage.googleapis.com/harmony-music-x.appspot.com/songs/tLaJFnc93Oc.mp3,,
60,"Duniyaa (From ""Luka Chuppi"")",222,https://lh3.googleusercontent.com/kpmaPayRqAm6Ol1j_uYIQvxvDHVBEdW7RM5YSGNud0n36onW-W0lITnTv9YE9tN6Jx3s8JvcvfrA7Pax_w=w120-h120-l90-rj,https://storage.googleapis.com/harmony-music-x.appspot.com/songs/h3EuilWNquo.mp3,,
61,Channa Ve,212,https://lh3.googleusercontent.com/5bVRrRHi0EZ_MBeMh3Omxev5rvSttGNlzP8wuZGhdAdaIQLs4K9lP0LzkY3_bgR00WtgJj3Rssy6HNdr=w120-h120-l90-rj,https://storage.googleapis.com/harmony-music-x.appspot.com/songs/epm7tAtEvYA.mp3,,
62,Meri Mai,288,https://lh3.googleusercontent.com/ToizTHx5IlNd2uN_i1i3rN5Y9x6vWq7DKk_quJEktrMya8PWJuZ3Po6HYVHXCyfuVHqlrHjckTcwF-w=w120-h120-l90-rj,https://storage.googleapis.com/harmony-music-x.appspot.com/songs/5okugRQuRCc.mp3,,
63,Saara India,163,https://lh3.googleusercontent.com/c82KTKOwlmXoRrwjaNUkowRJGOgR0xySbIhsiYOrXq-QBjJ1eFUMav22BVM2ea5pXm-jR1aE9bm5VQwg=w120-h120-l90-rj,https://storage.googleapis.com/harmony-music-x.appspot.com/songs/fEcr0mAyufo.mp3,,
64,Mann Bharrya,276,https://lh3.googleusercontent.com/vZZRnEidaX1DmutUr0ulJ5Oo3kTSMziP7HtZYcWsKKWKv9hf9a1t-G6imbGyK6GYrcoevWLa054DS-MEqw=w120-h120-l90-rj,https://storage.googleapis.com/harmony-music-x.appspot.com/songs/M_iTjuEO1zc.mp3,,
65,HAI DIL YE MERA,297,https://lh3.googleusercontent.com/2NTe7yq3nn6Y-h4vKydP5lefnwSwuGFp2SMqj1r4J-eOrQI9sB1CTKsYgYXzEjSAspezm280UhuJsd9U=w120-h120-l90-rj,https://storage.googleapis.com/harmony-music-x.appspot.com/songs/v2EYFtXR2kY.mp3,,
66,Tujhko Hi Dulhan Banaoonga,450,https://lh3.googleusercontent.com/w1qKQirm2-VS3NEM4073L1Uw40xF_hOGkIstISyCghOberEDxXb9_jisKm77M0IPNIfmm4loJonOiA=w120-h120-l90-rj,https://storage.googleapis.com/harmony-music-x.appspot.com/songs/frgNe3yfUkA.mp3,,
67,Mere Yaaraa,286,https://lh3.googleusercontent.com/wn2G_S0tOFv85QyWkYjrHjdXtkpumVpr2HAWjDzG2SwG49ehAAq_QUuuoWDfXRiJckfpGeYmgUQTAnVmMw=w120-h120-l90-rj,https://storage.googleapis.com/harmony-music-x.appspot.com/songs/CutJAOINPIY.mp3,,
68,Chann Sitare,188,https://lh3.googleusercontent.com/bKqbz3kthr9PGUf4zLb8QR8YJS9vOQvuAMuh68auETiSkviGgpirO3vl9qwqX2NsFzsI9yD8KFR4vqJssA=w120-h120-l90-rj,https://storage.googleapis.com/harmony-music-x.appspot.com/songs/xjoat5I-1FI.mp3,,
69,"Ek Toh Kum Zindagani (From ""Marjaavaan"")",190,https://lh3.googleusercontent.com/dZUiYuNmNBim_l6jTTfb2qvYAfzfq4zyklZcEsrFVukRCopVPlyAk67mmMGWAn5km_2WC0Heih4lSTg-=w120-h120-l90-rj,https://storage.googleapis.com/harmony-music-x.appspot.com/songs/fqyZlFKkSu0.mp3,,
70,Phá đảo thế giới ảo,176,https://lh3.googleusercontent.com/_9CwIT0em8qpshEbAgxwlxvdOXB5BA7QEaybEVnR7yuTVmced7KyZt5uffNdsc6ihsbObD_SPZrsqb7GHQ=w120-h120-l90-rj,https://storage.googleapis.com/harmony-music-x.appspot.com/songs/-NaEJedyclY.mp3,,
71,Có Bao Nhiêu Chơi Bấy Nhiêu,257,https://lh3.googleusercontent.com/_DE11w4AobFa1gcAOy-Ja9rxhprv9CYHfCgDuEdkZwGk0RcvFy-ov3wD-JgnnBZyludui4SoSXFPbFNK=w120-h120-l90-rj,https://storage.googleapis.com/harmony-music-x.appspot.com/songs/6QcBBaMhliY.mp3,,
72,Tận Cùng Nỗi Nhớ (Lofi),293,https://lh3.googleusercontent.com/6iUe_RKzOFDV3fNFoCzL-kcua8PVENpnBpKgq_0bM_pulRkyhdlqO0ZLDk1odQb2TNcZZ0BNfTOsSxXbrA=w120-h120-l90-rj,https://storage.googleapis.com/harmony-music-x.appspot.com/songs/GmbfTXZwaMA.mp3,,
73,Em Muốn Yên Lặng Một Mình Em Thôi (Siêu Quậy Có Bầu Original Soundtrack),284,https://lh3.googleusercontent.com/AusXI0cULC2b4Job7l0RKEjxgFrrZebyfj52nO5QX7HSRJtKDlhx0zFodrNh_XDhBI1tIqUOVLW8CYrR=w120-h120-l90-rj,https://storage.googleapis.com/harmony-music-x.appspot.com/songs/lMlkcLrG8r0.mp3,,
74,Ngày Đá Đơm Bông,134,https://lh3.googleusercontent.com/NlNxAoUFB9uRFWqVMiUYTxDX_v-PIhqp7-i5QfI8c4Qd79D8q5sJ4SJURpqmqITpLhJB7HzsFrfy6A-H=w120-h120-l90-rj,https://storage.googleapis.com/harmony-music-x.appspot.com/songs/mqS50wvMPUs.mp3,,
75,Yêu Đến Đâu Hay Đến Đó [Beat] (feat. Tùng Maru),238,https://lh3.googleusercontent.com/uZ_d1HWbP-PrTBe-0hR2X7623vfccbIONuJTsu9CZ2_RY3A1o659tkJZAYU71Eo2L8br6DINLjP9NKBC=w120-h120-l90-rj,https://storage.googleapis.com/harmony-music-x.appspot.com/songs/sD72Q4hbrfA.mp3,,
76,Xuân Về Khắp Nơi,192,https://lh3.googleusercontent.com/SfhDOpsCMQrcledy_k4TWfOeQ3aURuShXNQzRpJ8G3IP_LiKzyH1irffTtoiTfbgn4XwBgik9jlG9FjH=w120-h120-l90-rj,https://storage.googleapis.com/harmony-music-x.appspot.com/songs/pX4oxnzDQbQ.mp3,,
77,Tuổi Học Trò (Siêu Quậy Có Bầu Original Soundtrack),232,https://lh3.googleusercontent.com/yUiXAz8_cacWGWHc1lcR2XAwguOlX6wW4aGR_ofr5HepAkFqg0yzOk8GNFxOYwQG2Pxf8AS2urx28Va__w=w120-h120-l90-rj,https://storage.googleapis.com/harmony-music-x.appspot.com/songs/ehgaMLsOETA.mp3,,
78,lyhoptinh [DJ AM Remix] (feat. Han Sara),214,https://lh3.googleusercontent.com/DjEyYugzsZuJjR7qAtwgFDoelnngBUyPLYIVh5gG-sDaaSe3BYcFJudsleZpqY2I4b9hGgOqVlo642vA=w120-h120-l90-rj,https://storage.googleapis.com/harmony-music-x.appspot.com/songs/wh6cppoqOTw.mp3,,
79,Mùa Hè Không Độ,146,https://lh3.googleusercontent.com/xykPLp6t1WlBPdRI0IP83kfdoVI7JfNctBelMzLDjawASpt-4DORCRrOe5jpsh3WbXksG74GV_8gES1j=w120-h120-l90-rj,https://storage.googleapis.com/harmony-music-x.appspot.com/songs/v6MBqxK7NlM.mp3,,
80,Có Bao Nhiêu Chơi Bấy Nhiêu,257,https://lh3.googleusercontent.com/S_cGdbdz9m0vukxJbMkeUqZA0lZK5dc-6U_oghNHwnKSCeD49_w4rcZfTGXDGu1c8N_Qa-l8eIFQIGa5=w120-h120-l90-rj,https://storage.googleapis.com/harmony-music-x.appspot.com/songs/cvqEyH2CPqs.mp3,,
81,"Dream Team (feat. Anh Đạt, Hiền Mai, Anh Phong & Han Sara)",228,https://lh3.googleusercontent.com/h2gk01C44hjrTHpaZZmMoE9W549ZKXoNrNq6FZcgjbr6KTvYdSS1CZDvXSREAW2dGLX_nUpXBeE17ZOdWQ=w120-h120-l90-rj,https://storage.googleapis.com/harmony-music-x.appspot.com/songs/hxg9iD3KAns.mp3,,
82,Ba Chúng Ta (Three Of Us) [Beat],256,https://lh3.googleusercontent.com/BOnbIoyqrNUEgVvXdQ8XoMga97WxwRMrXt5OkzpDRAYrPJT9MfomrpdXwDMmuACVg1WutGvADK8Q2T8=w120-h120-l90-rj,https://storage.googleapis.com/harmony-music-x.appspot.com/songs/FwH8wT6-kR4.mp3,,
83,Tớ Thích Cậu [Acoustic] (feat. Huỳnh Hiền Năng),148,https://lh3.googleusercontent.com/pJfnAu34ilcl18OYGkADmV7vUO_IOOfcF319t3EpzLefULZxbsWNpWuzAjpIBOj4sA3Psik5Htylf1Uw=w120-h120-l90-rj,https://storage.googleapis.com/harmony-music-x.appspot.com/songs/s3bXCMLH9qA.mp3,,
84,Vì Yêu Anh (Chill Version),230,https://lh3.googleusercontent.com/7sH73ESTfvx8grmzaO5ZXroka9nVaWUxpktJJEXqGQb5e1rvva_DYU1SFF8iXHDH1OhvELjX9oW6YDiSZg=w120-h120-l90-rj,https://storage.googleapis.com/harmony-music-x.appspot.com/songs/zz30QBfRpzM.mp3,,
85,lyhoptinh [Sped Up] (feat. Han Sara),176,https://lh3.googleusercontent.com/p3MNq_IVTGdUhpjpW_4QI1XYsCsPQYaSQ-zSFInqxtVkwZ3qOHKXokwO0JXssDZarfnr4Jr3S_0eNSgZmQ=w120-h120-l90-rj,https://storage.googleapis.com/harmony-music-x.appspot.com/songs/L3Hms5Wf0co.mp3,,
86,Chúng Ta Không Thuộc Về Nhau,234,https://lh3.googleusercontent.com/WyzaRYap78pVb2_5rJDGiYv9t3bfKVFCl6fXCPpTRvigGgHdZLKuOnhX6MvFDgv82AsCFCITLdyinS8=w120-h120-l90-rj,https://storage.googleapis.com/harmony-music-x.appspot.com/songs/78dCF99PheM.mp3,,
87,Em Của Ngày Hôm Qua,226,https://lh3.googleusercontent.com/ngVF3KN1kOURKqMJEBfDsUknmCkMzlFXEyACOFCIXNLdu8SfTcrbJR1Zgk2PxT6DiYlP2lBlIjxHxI4A=w120-h120-l90-rj,https://storage.googleapis.com/harmony-music-x.appspot.com/songs/EXmf1gmokyo.mp3,,
88,Nơi Này Có Anh,261,https://lh3.googleusercontent.com/guPkUMfq6XoStEBVJwwWMD5dttVFgi0OXpzHZ0hvPD0kWxdVkrMbMCBNRDZlUy_N953vMI_r-6x1X_IEWQ=w120-h120-l90-rj,https://storage.googleapis.com/harmony-music-x.appspot.com/songs/qHpE45b4INk.mp3,,
89,Lạc Trôi,233,https://lh3.googleusercontent.com/3SHPY25c9LtPOVaWevZBKvKZBdhDIVglUDKCDvi033gds2oi5Bel9yzoKtiooxSZLqtDtPPyoZJWEZ4=w120-h120-l90-rj,https://storage.googleapis.com/harmony-music-x.appspot.com/songs/RKvRLLQtDbg.mp3,,
90,Nắng Ấm Xa Dần,192,https://lh3.googleusercontent.com/JjZpaqyngChD0l8DbRDs2h5kkkb4S_AsCEu4XBXJvlOT0mWns9oINc8PlIhAcTWAXvgDt2fGk1xL04q9fQ=w120-h120-l90-rj,https://storage.googleapis.com/harmony-music-x.appspot.com/songs/HrlpCgMgRVo.mp3,,
91,Hãy Trao Cho Anh (Sky Tour 2019),254,https://lh3.googleusercontent.com/gMcFERB88U2z4cuSswYliZ2A6yaVvEbsKim63LSuyEFhvEvt2uwMJ-ANtzaUbdbUKCiUYxyjOh5_IEFuqA=w120-h120-l90-rj,https://storage.googleapis.com/harmony-music-x.appspot.com/songs/MZXYDBGzlh0.mp3,,
92,Không Phải Dạng Vừa Đâu,248,https://lh3.googleusercontent.com/ngVF3KN1kOURKqMJEBfDsUknmCkMzlFXEyACOFCIXNLdu8SfTcrbJR1Zgk2PxT6DiYlP2lBlIjxHxI4A=w120-h120-l90-rj,https://storage.googleapis.com/harmony-music-x.appspot.com/songs/Dm1EoiPfHU0.mp3,,
93,Âm Thầm Bên Em,294,https://lh3.googleusercontent.com/ngVF3KN1kOURKqMJEBfDsUknmCkMzlFXEyACOFCIXNLdu8SfTcrbJR1Zgk2PxT6DiYlP2lBlIjxHxI4A=w120-h120-l90-rj,https://storage.googleapis.com/harmony-music-x.appspot.com/songs/LG4OC1dvUCQ.mp3,,
94,Có Chắc Yêu Là Đây,203,https://lh3.googleusercontent.com/e9awC-yOmbq1BhHRdCKawHMmANrT7nrzeCz8CurFGUY7PMiwRdfcTQ4WsDGvHm99i78nM8naFNqIZexPng=w120-h120-l90-rj,https://storage.googleapis.com/harmony-music-x.appspot.com/songs/9jX6cDzLM_k.mp3,,
95,Chạy Ngay Đi (Sky Tour 2019),310,https://lh3.googleusercontent.com/gMcFERB88U2z4cuSswYliZ2A6yaVvEbsKim63LSuyEFhvEvt2uwMJ-ANtzaUbdbUKCiUYxyjOh5_IEFuqA=w120-h120-l90-rj,https://storage.googleapis.com/harmony-music-x.appspot.com/songs/ooChRKk673E.mp3,,
96,Như Ngày Hôm Qua,223,https://lh3.googleusercontent.com/ngVF3KN1kOURKqMJEBfDsUknmCkMzlFXEyACOFCIXNLdu8SfTcrbJR1Zgk2PxT6DiYlP2lBlIjxHxI4A=w120-h120-l90-rj,https://storage.googleapis.com/harmony-music-x.appspot.com/songs/ntE_Cxk1LaY.mp3,,
97,Chạy Ngay Đi,273,https://lh3.googleusercontent.com/aERXTqtD8F4FXprJ4D8ytAbKj0tLUsyaOSUgEDS3-sQoSCs8Z1uP8IMnMJgk_J3GjcO2tuTijjHb8OxY=w120-h120-l90-rj,https://storage.googleapis.com/harmony-music-x.appspot.com/songs/Hg-eKLuK2bU.mp3,,
98,Một Năm Mới Bình An,248,https://lh3.googleusercontent.com/pK94oIKa3kV8MKvW8bA3_q7BH-MihoiCjX2OyIKAYxPggR4grtEAD9H-5qmAD7k8eMqknS8lPKPGsyDVmg=w120-h120-l90-rj,https://storage.googleapis.com/harmony-music-x.appspot.com/songs/e6RPuBcpsko.mp3,,
99,Hạnh Phúc Mới (Lofi) (feat. Sơn Tùng M-TP),93,https://lh3.googleusercontent.com/JqGUw4vB16h3T4zf-7zYCdVOdoLf1oLdv5Ol6Q7XzC4tsWenY78m1smiiJDNG6rcqj-Hba0_YOQ7mjo=w120-h120-l90-rj,https://storage.googleapis.com/harmony-music-x.appspot.com/songs/q4zXqVdm3uE.mp3,,
100,Cơn Mưa Ngang Qua (Remix 2022),234,https://lh3.googleusercontent.com/rBxDUA4g8JDb47Z83kzRhTw2ScytLaCOP3jEfftnkKeQcVQanIhV16xmcD-bB1Ahq9ft3dKp9Hoasxg=w120-h120-l90-rj,https://storage.googleapis.com/harmony-music-x.appspot.com/songs/7zh2QCjp818.mp3,,
101,Lạc Trôi,273,https://lh3.googleusercontent.com/v4CNYBSe1XGbJRk_L0gfh7hRsiucrZqMRWOvmMzq2rrrRAycKsZwD6L-qJ4b-N-mg6oeen-9d05opJc=w120-h120-l90-rj,https://storage.googleapis.com/harmony-music-x.appspot.com/songs/baNZBBYNoc4.mp3,,
102,Buong Doi Tay Nhau Ra,225,https://lh3.googleusercontent.com/blW3DNOg0hNm6zVmKj5u2E7Vd_VHmOx19mz46m2_46zrC1q1_-XA_9cdXnIJNZupZ85MPUzkB73_0ArfEA=w120-h120-l90-rj,https://storage.googleapis.com/harmony-music-x.appspot.com/songs/VRQr1edrqOY.mp3,,
103,Cơn Mưa Ngang Qua,235,https://lh3.googleusercontent.com/ngVF3KN1kOURKqMJEBfDsUknmCkMzlFXEyACOFCIXNLdu8SfTcrbJR1Zgk2PxT6DiYlP2lBlIjxHxI4A=w120-h120-l90-rj,https://storage.googleapis.com/harmony-music-x.appspot.com/songs/6KSQRXqMHvo.mp3,,
104,Nơi Này Có Anh (Remix),215,https://lh3.googleusercontent.com/0chmdyviCBGcRqzwtP4OSVL0DeAKD8FbyKdRDl1jd7iAyydt-joSgXfU3DESjnQ6u2iaYSm7Ascn6e6q=w120-h120-l90-rj,https://storage.googleapis.com/harmony-music-x.appspot.com/songs/xdkfUq3QtRU.mp3,,
105,Tung Tung Baje,284,https://lh3.googleusercontent.com/JkFLyYEdVK3xpZTYLOeDQdc2F-8L8N4iqF-NB-ivmzcm_0MixymZj_KAlGVfPDNsBFHjzQ5jsCohB8zP=w120-h120-l90-rj,https://storage.googleapis.com/harmony-music-x.appspot.com/songs/BQ4wlYPPeY0.mp3,,
106,Fortunate Son,141,https://lh3.googleusercontent.com/pg6n6vM3BbQ6126KGEPbcGp8IT841yQqgom-T9_EtmwznXSa0vXHOhTM8pQAvV9Fuh-Pj3hPh0_DbeaCog=w120-h120-l90-rj,https://storage.googleapis.com/harmony-music-x.appspot.com/songs/r5NzAksjfDI.mp3,,
107,Rabab Tang Tang Tang,231,https://lh3.googleusercontent.com/WWY5grWF5IJhgFl7NClhp5FO8wDXaeKGRxw4sdaZ0giO_EOpJX0LyzaUSNdqTBaI5I63BMeV0HEYkUQ=w120-h120-l90-rj,https://storage.googleapis.com/harmony-music-x.appspot.com/songs/8RLc-5DaiiA.mp3,,
108,Sunroof,164,https://lh3.googleusercontent.com/ycWkUrLxkMX_xYBpoKA82FbkLdrDBC-sKP_e9-b84Qk-JNFDdiq2L777JcegI5M5z5C2SZNozPnCosUJ=w120-h120-l90-rj,https://storage.googleapis.com/harmony-music-x.appspot.com/songs/eZCWyFNV_ZM.mp3,,
109,Father And Son,221,https://lh3.googleusercontent.com/T79nNCw5OY_iHeG0fThBvvBsBExED8Q4o27e6ZfivrNQfX2uA2-DiJezFdzTOzauMzpfjzcL5uk_qgyP=w120-h120-l90-rj,https://storage.googleapis.com/harmony-music-x.appspot.com/songs/7SLY4seJzh0.mp3,,
110,Bad Boy (feat. Luana Kiara),191,https://lh3.googleusercontent.com/vZoVcMsQI0ggXXTTLp0wITvlRFe2yK9dgwQr6xCljw_EbUp4rDBPUiAh-I-SpPZ6lHTZnzPE_05K_mA=w120-h120-l90-rj,https://storage.googleapis.com/harmony-music-x.appspot.com/songs/lmG0kY9FtRY.mp3,,
111,House of the Rising Sun (Season 4 Finale Version),322,https://lh3.googleusercontent.com/IN48HFXRSsaXLRSim1a8xSPCIll1a_KqwwikiTWOqzUQlWIh7eMoYnhfrCXEoALVGG4g0SwBovfHrpj1=w120-h120-l90-rj,https://storage.googleapis.com/harmony-music-x.appspot.com/songs/yGTmouM4vEg.mp3,,
112,Here Comes The Sun (Remastered 2009),186,https://lh3.googleusercontent.com/bmG1q9eu3ub2CtYcgArvzpiehqUpZGuLsOa_B0Bxkwxdfsk9r7nRzAQy1P5dTjqerODLxq3LycWGWW5m=w120-h120-l90-rj,https://storage.googleapis.com/harmony-music-x.appspot.com/songs/xUNqsfFUwhY.mp3,,
113,Dreamers (Music from the FIFA World Cup Qatar 2022 Official Soundtrack) (feat. FIFA Sound),202,https://lh3.googleusercontent.com/9I9Npz8KazIlvwuWmOgxjwn9-hvy9K3sFbgEpYZBHPFXIEdFdtbWKJKVO0p7sVdaXWwTaL-GSZAVkk4=w120-h120-l90-rj,https://storage.googleapis.com/harmony-music-x.appspot.com/songs/6qI-va1F5ck.mp3,,
114,Goodbye Yellow Brick Road,193,https://lh3.googleusercontent.com/unJnxDEPuJzB3e9NF9H49ZkIBsccjJabj0MnHjGNt6Rdtgz8DTGFMFTOACDwB4Fy6xzNkrEEm31hDg3m=w120-h120-l90-rj,https://storage.googleapis.com/harmony-music-x.appspot.com/songs/wy709iNG6i8.mp3,,
115,Axel F,168,https://lh3.googleusercontent.com/c4WNiUJg22QrooqvaFxo0IIdT2m5lnVazQgii2snA-EFw7Jgx0qz_wMjgRg1fY9Opq2DUvFoqfqtKDJ0=w120-h120-l90-rj,https://storage.googleapis.com/harmony-music-x.appspot.com/songs/_M1iPYsHZvU.mp3,,
116,Right Now (Na Na Na),241,https://lh3.googleusercontent.com/tt0GFjFjKqiSN8sPbK56ijVK6LjTe3q_2qSl0SZWXbKxf5MHfwjZhP8rM_I3Egd-BVZ1EEv-oTViQ3s2=w120-h120-s-l90-rj,https://storage.googleapis.com/harmony-music-x.appspot.com/songs/FDyWuL6lq6w.mp3,,
117,Please Go Away (feat. Alugalug Cat 2.0),162,https://lh3.googleusercontent.com/RfmJivsNtFG4IKuwQUeujSahUm9tgLNqGSlzycHHAJgkzZDUbsZ67EgzYF2pWTS5z5uazRFMVtbUgJRB=w120-h120-l90-rj,https://storage.googleapis.com/harmony-music-x.appspot.com/songs/MpJL4z5bnU4.mp3,,
118,Go Down Deh (feat. Shaggy & Sean Paul),155,https://lh3.googleusercontent.com/Fpzuam9iaeclowWeZFFOqzQoRBDQYPPwfvtiTXPyoW5lIv4E8Ct5Jedc43-TVEtG2YiQ_RhLHcjyX9yV=w120-h120-l90-rj,https://storage.googleapis.com/harmony-music-x.appspot.com/songs/zQ2gReBlHg0.mp3,,
119,FOCUS DANCE BEAT (feat. Hagman & Abati),132,https://lh3.googleusercontent.com/xI3X7yHPqn3FMHdhAIuvby1gS4rEb7-MjR7g4onQugJlkVL7pzQyo77XfCEC8BOfmh1z_dcFCofDE_2dDQ=w120-h120-l90-rj,https://storage.googleapis.com/harmony-music-x.appspot.com/songs/a8xYBcmdxgo.mp3,,
120,See Tình (Speed Up Version),143,https://lh3.googleusercontent.com/zqPND9y1jfsHUWLOTHOBwBOmYAFqyE4qBG3_e15Sd-tbr9RpTd90V0Rhgh9U63fVCTCzZm7SkDzfI7y1=w120-h120-l90-rj,https://storage.googleapis.com/harmony-music-x.appspot.com/songs/6Tldvp8adQ4.mp3,,
121,Spider-Man 2 Main Title,202,https://lh3.googleusercontent.com/TTVjkbSzJUMNxQuSSeJKSr0Ro5S8qtGOARDPjgiedoT4_uLSqzHHMN1oRAdZ8SQBPNYXpZ70keQGX7gj=w120-h120-l90-rj,https://storage.googleapis.com/harmony-music-x.appspot.com/songs/DNti8jHPOG0.mp3,,
122,Take on Me,226,https://lh3.googleusercontent.com/8YZqnYRc52GUz0iyQTRZvzh8RSbCNTTC0NSrpRlKf8UfSyu87K7ziegM8aFfAyMgUXBisxT_weHb4pFE=w120-h120-l90-rj,https://storage.googleapis.com/harmony-music-x.appspot.com/songs/HzdD8kbDzZA.mp3,,
123,Huggy Wuggy,16,https://lh3.googleusercontent.com/gSVd3sq5uTvVubb1uZ6hgbskODgjN94DiJo69v8YkzMlol2B6g5lAvUHa2Opsm2AAOj8iebCSxhd86hr=w120-h120-l90-rj,https://storage.googleapis.com/harmony-music-x.appspot.com/songs/EoB-Sm35Ee4.mp3,,
124,MOLLY (BABY MAMA),241,https://lh3.googleusercontent.com/VA8f6D_Md4L-hPsLeMlZ9LAQ-QLOel8xJLgDgX7H4ghXJXq5i94ldggRDk_e8_KjM3wEogXhWQeUGllg=w120-h120-l90-rj,https://storage.googleapis.com/harmony-music-x.appspot.com/songs/8_YYNO201p0.mp3,,
125,Em Cua Ngay Hom Qua,264,https://lh3.googleusercontent.com/ngVF3KN1kOURKqMJEBfDsUknmCkMzlFXEyACOFCIXNLdu8SfTcrbJR1Zgk2PxT6DiYlP2lBlIjxHxI4A=w120-h120-l90-rj,https://storage.googleapis.com/harmony-music-x.appspot.com/songs/I_U4mU7Dq_4.mp3,,
126,There's No One At All (Another Version),202,https://lh3.googleusercontent.com/gGPKCa01jxAgsWTSJF-6ffOAsFpFjrkWMQtDELP2tkrrqTGANls36IzZlzXux1F7rWPvpWVDJceZ_gE=w120-h120-l90-rj,https://storage.googleapis.com/harmony-music-x.appspot.com/songs/MEVMjr_E0QA.mp3,,
127,Tiến Lên Việt Nam Ơi,219,https://lh3.googleusercontent.com/uaohgDw9vOAfvysC76mbKKmJkhGu-PpfbI6CuDKmk_qysNfANReqv9vA4D0YLUiXCvtoWKQ77lIxBprB=w120-h120-l90-rj,https://storage.googleapis.com/harmony-music-x.appspot.com/songs/fMS0P7z-nhs.mp3,,
128,Thái Bình Mồ Hôi Rơi,319,https://lh3.googleusercontent.com/j-GQqBauHdkvuIn3s8rkPoHQBf8_SCqPztsu_8yaW-37o2LHhW3-uPD7ZvUTFkAbFETQ8vYUaqteGKIHHg=w120-h120-l90-rj,https://storage.googleapis.com/harmony-music-x.appspot.com/songs/moMtFrQBQws.mp3,,
129,Em Của Ngày Hôm Qua (80s),238,https://lh3.googleusercontent.com/eBn5ZpiStjbWFagP2BkitnAMD9q6sdkDlzlX4aahKwdGkDFmzLhAm1zbKF__LLQjZ1aXZroAbyWQ3l4=w120-h120-l90-rj,,,
130,Chắc Ai Đó Sẽ Về,263,https://lh3.googleusercontent.com/ngVF3KN1kOURKqMJEBfDsUknmCkMzlFXEyACOFCIXNLdu8SfTcrbJR1Zgk2PxT6DiYlP2lBlIjxHxI4A=w120-h120-l90-rj,https://storage.googleapis.com/harmony-music-x.appspot.com/songs/0uLcTG3LgtU.mp3,,
131,Ấn Nút Nhớ... Thả Giấc Mơ,245,https://lh3.googleusercontent.com/ngVF3KN1kOURKqMJEBfDsUknmCkMzlFXEyACOFCIXNLdu8SfTcrbJR1Zgk2PxT6DiYlP2lBlIjxHxI4A=w120-h120-l90-rj,https://storage.googleapis.com/harmony-music-x.appspot.com/songs/Lw22CxK-qT0.mp3,,
132,Buông Đôi Tay Nhau Ra,228,https://lh3.googleusercontent.com/ngVF3KN1kOURKqMJEBfDsUknmCkMzlFXEyACOFCIXNLdu8SfTcrbJR1Zgk2PxT6DiYlP2lBlIjxHxI4A=w120-h120-l90-rj,https://storage.googleapis.com/harmony-music-x.appspot.com/songs/Ue-D1STe-zA.mp3,,
133,Khuôn Mặt Đáng Thương,258,https://lh3.googleusercontent.com/daxwckTRGIAe5uDdXMXmkBnAWsY_9bvQsT9Xga-0THMCeXxDkowgxl2_aXkvxTSRndkfqHtDld6ORAhpvw=w120-h120-l90-rj,https://storage.googleapis.com/harmony-music-x.appspot.com/songs/2Zvx2cn37HQ.mp3,,
134,Chạy Ngay Đi (Onionn Remix),231,https://lh3.googleusercontent.com/oCBEX4IfXj7jqX6kAeIJj00TOXFJlM3RYJcs4jPPxcrEmi0t_pL-2Qh4S75_E-W2mQ5_06s4CZVuo784=w120-h120-l90-rj,https://storage.googleapis.com/harmony-music-x.appspot.com/songs/H81QGLFtgPw.mp3,,
135,Anh Sai Rồi,253,https://lh3.googleusercontent.com/ngVF3KN1kOURKqMJEBfDsUknmCkMzlFXEyACOFCIXNLdu8SfTcrbJR1Zgk2PxT6DiYlP2lBlIjxHxI4A=w120-h120-l90-rj,https://storage.googleapis.com/harmony-music-x.appspot.com/songs/4AYv-4BmXYQ.mp3,,
136,Muộn Rồi Mà Sao Còn (Remix),447,https://lh3.googleusercontent.com/w6zqB8n_UwcgAts0u6pwd-fPqXRBCEB6xo5n5UoSOM3gbnTRo1qWqLiWL749D432qPkFGv1skosatWJKAA=w120-h120-l90-rj,https://storage.googleapis.com/harmony-music-x.appspot.com/songs/XfEz3-TWits.mp3,,
137,Nhu Ngay Hom Qua,221,https://lh3.googleusercontent.com/blW3DNOg0hNm6zVmKj5u2E7Vd_VHmOx19mz46m2_46zrC1q1_-XA_9cdXnIJNZupZ85MPUzkB73_0ArfEA=w120-h120-l90-rj,https://storage.googleapis.com/harmony-music-x.appspot.com/songs/C4DRHv0yxA0.mp3,,
138,Remember Me (Onionn Remix Countdown 2021),198,https://lh3.googleusercontent.com/Vg3SVtgpTdsyu8Pc2XDBlvPln1ikskFZ9mQHNWz3x5hdC9LKGvvwQz-ybEQbHL6Nfbano_d6uI893nc=w120-h120-l90-rj,https://storage.googleapis.com/harmony-music-x.appspot.com/songs/kHZ_Vkebkyw.mp3,,
139,Em Của Ngày Hôm Qua (Sky Tour 2019),247,https://lh3.googleusercontent.com/gMcFERB88U2z4cuSswYliZ2A6yaVvEbsKim63LSuyEFhvEvt2uwMJ-ANtzaUbdbUKCiUYxyjOh5_IEFuqA=w120-h120-l90-rj,https://storage.googleapis.com/harmony-music-x.appspot.com/songs/Gml7neJG7MI.mp3,,
140,You Of Yesterday (Khắc Hưng Remix),264,https://lh3.googleusercontent.com/mXsSbqjAz2j7cbr5lvRg0kmWYYPTIwbzgKGMHutIcdR1MbIDL24Cc03cmPhglES4YuHjLRysBdJsyU8=w120-h120-l90-rj,https://storage.googleapis.com/harmony-music-x.appspot.com/songs/hWWq2yt7a48.mp3,,
141,trời giấu trời mang đi,254,https://lh3.googleusercontent.com/7C5RCiox3tK-FlJUnjlhrKFttQSi0YtXteGMaSsLiGmdkEoq3F0tZ6FpVs7JNaWYV0YFFsCRKw1CTV4=w120-h120-l90-rj,https://storage.googleapis.com/harmony-music-x.appspot.com/songs/PyPz_ka7hME.mp3,,
142,thay mọi cô gái yêu anh,216,https://lh3.googleusercontent.com/ijV7wY_kZH4FjfY0GugxKIcBvc_FSJrSV6mZoNEIZrD5-PrEIyZV0C8OVBtD9A7HF5PgS7ug0Y4OxQM=w120-h120-l90-rj,https://storage.googleapis.com/harmony-music-x.appspot.com/songs/QXI9Y30C7AY.mp3,,
143,sao anh chưa về nhà (feat. Ricky Star),244,https://lh3.googleusercontent.com/7C5RCiox3tK-FlJUnjlhrKFttQSi0YtXteGMaSsLiGmdkEoq3F0tZ6FpVs7JNaWYV0YFFsCRKw1CTV4=w120-h120-l90-rj,https://storage.googleapis.com/harmony-music-x.appspot.com/songs/TsFjCpmchAM.mp3,,
144,Trời Giấu Trời Mang Đi,259,https://lh3.googleusercontent.com/DhqIuUcwuBenWvbyLjvTZoP4R9QWw84Jh45DBALRs2gsD9J9twJvdcBvNKq173YLhcmcsyXtrzS23yAf=w120-h120-l90-rj,https://storage.googleapis.com/harmony-music-x.appspot.com/songs/QHDkHZPHzC0.mp3,,
145,"ex's hate me, Pt. 2 (feat. B Ray)",217,https://lh3.googleusercontent.com/7C5RCiox3tK-FlJUnjlhrKFttQSi0YtXteGMaSsLiGmdkEoq3F0tZ6FpVs7JNaWYV0YFFsCRKw1CTV4=w120-h120-l90-rj,https://storage.googleapis.com/harmony-music-x.appspot.com/songs/jqX9oCNNhCk.mp3,,
146,Em Về Tinh Khôi (25th Làn Sóng Xanh),230,https://lh3.googleusercontent.com/sNg7JD74uqIwP4QsaxeR0-F_SM3zEcWpSGo0htOVfH0CL2elBOICAcfaJhItP8kAlQw95Yuu0zIUGZNzdw=w120-h120-l90-rj,https://storage.googleapis.com/harmony-music-x.appspot.com/songs/W1X2YanpYXw.mp3,,
147,yêu thì yêu không yêu thì yêu,191,https://lh3.googleusercontent.com/7C5RCiox3tK-FlJUnjlhrKFttQSi0YtXteGMaSsLiGmdkEoq3F0tZ6FpVs7JNaWYV0YFFsCRKw1CTV4=w120-h120-l90-rj,https://storage.googleapis.com/harmony-music-x.appspot.com/songs/DYZoC8uuv2A.mp3,,
148,Em Bé,193,https://lh3.googleusercontent.com/wR-UeCthZ2YC3lZFTmxAfi3kjoYmCWJ7Bgb-CJMVLHtSfwnOjsqVEpZtaFAHwiw0Jz1M8P6dmXYTQsaD=w120-h120-l90-rj,https://storage.googleapis.com/harmony-music-x.appspot.com/songs/Gk80IcAWIps.mp3,,
149,Anh Nhà Ở Đâu Thế (feat. B Ray),218,https://lh3.googleusercontent.com/m0HOg_pLyq88Sjwo9_zKCgj9aLRrjBjJ5OphNRtwO3pxWxTHtpX2Wd7aBCaWXZ0p-jSvC7ejaIx87pE=w120-h120-l90-rj,https://storage.googleapis.com/harmony-music-x.appspot.com/songs/aMW2Yf7PxM4.mp3,,
150,mama boy,205,https://lh3.googleusercontent.com/7C5RCiox3tK-FlJUnjlhrKFttQSi0YtXteGMaSsLiGmdkEoq3F0tZ6FpVs7JNaWYV0YFFsCRKw1CTV4=w120-h120-l90-rj,https://storage.googleapis.com/harmony-music-x.appspot.com/songs/2au4LJ7dX4A.mp3,,
151,nàng thơ... trời giấu trời mang đi (feat. Hoàng Dũng),263,https://lh3.googleusercontent.com/Mjrll1B40vy-b2oVv4AdwwPRt-HYi54J1FUVaMD8uRo2GR9CIdC8PK_4HjCqnrfdDGvTRqM7OYEU3P2bsA=w120-h120-l90-rj,https://storage.googleapis.com/harmony-music-x.appspot.com/songs/zx4f-mZfeOU.mp3,,
152,HAI MƯƠI HAI,239,https://lh3.googleusercontent.com/YR0w_8WypD_01zMAsRoLk3T-HUXKZSfT_jYQhPG5cUlVMnsnqiZB2OJAKU3qK9mXi2mdymoEcUitOADG=w120-h120-s-l90-rj,https://storage.googleapis.com/harmony-music-x.appspot.com/songs/BPjOgyCtwFU.mp3,,
153,Anh Đánh Rơi Người Yêu Này,218,https://lh3.googleusercontent.com/HOtJ2H9L6OjBZDqIhlpHlhbVENCdQIwUYaf_38mLwB9Kz-nHzHv49mvpxd79SuvtDkXYhY01T3x0A7ce=w120-h120-l90-rj,https://storage.googleapis.com/harmony-music-x.appspot.com/songs/iXq0lMm4TAg.mp3,,
154,Chủ nhật boy,181,https://lh3.googleusercontent.com/FxYpp2bMd-2b5tZaVe0MCuy3QAHNjA5HsYJoBQL68J1vyIYCJuxq0ZQKG4BmtDaAk8lC_S_ATmn19CW11g=w120-h120-l90-rj,https://storage.googleapis.com/harmony-music-x.appspot.com/songs/-3Tyh9Sx1-U.mp3,,
155,TÌNH BẠN DIỆU KỲ [Master Version] (feat. Amee & Lăng LD),189,https://lh3.googleusercontent.com/sDQsxLAHMAUnd25y4_dkz5zynEE64jfVWqWegPqS16-A7z9ng7J0syEYXhD8bpQf0DdNelgP_YrLmkI=w120-h120-l90-rj,https://storage.googleapis.com/harmony-music-x.appspot.com/songs/JCa4Hs1MneQ.mp3,,
156,Câu Hẹn Câu Thề,321,https://lh3.googleusercontent.com/_4VpkJVNv_LNsbvnq-OI7e6uJxwk2YUxkoArZ5hGuzZ0aeSNU-N03CUgpiZ65Myz--KSV91wTQo8hQA=w120-h120-l90-rj,https://storage.googleapis.com/harmony-music-x.appspot.com/songs/rfI4_Pe6CC4.mp3,,
157,Hối Tiếc Muộn Màng,282,https://static-images.vnncdn.net/files/publish/2023/5/27/batch-dd346143096-707163824751824-6416013366828335422-n-300.jpg,https://firebasestorage.googleapis.com/v0/b/music-142a0.appspot.com/o/music%2FChi-Yeu-Minh-Em-Chau-Khai-Phong.mp3?alt=media,,
158,Chỉ Yêu Mình Em,286,https://static-images.vnncdn.net/files/publish/2023/5/27/batch-dd346143096-707163824751824-6416013366828335422-n-300.jpg,https://firebasestorage.googleapis.com/v0/b/music-142a0.appspot.com/o/music%2FChi-Yeu-Minh-Em-Chau-Khai-Phong.mp3?alt=media,,
159,Vợ Người Ta,196,https://upload.wikimedia.org/wikipedia/commons/b/be/Phan_Mạnh_Quỳnh.jpg,https://firebasestorage.googleapis.com/v0/b/music-142a0.appspot.com/o/music%2FThat-Tinh-DJ-T-Remix-Trinh-Dinh-Quang.mp3?alt=media,,
160,Thất Tình,292,https://avatar-ex-swe.nixcdn.com/singer/avatar/2019/06/04/b/9/b/0/1559630395269_600.jpg,https://firebasestorage.googleapis.com/v0/b/music-142a0.appspot.com/o/music%2FThat-Tinh-DJ-T-Remix-Trinh-Dinh-Quang.mp3?alt=media,,
161,Nếu em còn tồn tại,352,https://avatar-ex-swe.nixcdn.com/singer/avatar/2019/06/04/b/9/b/0/1559630395269_600.jpg,https://firebasestorage.googleapis.com/v0/b/music-142a0.appspot.com/o/music%2FNeu-Em-Con-Ton-Tai-DJ-Phu-Sea-Remix-Trinh-Dinh-Quang.mp3?alt=media,,
162,Sắp 30,390,https://avatar-ex-swe.nixcdn.com/singer/avatar/2019/06/04/b/9/b/0/1559630395269_600.jpg,https://firebasestorage.googleapis.com/v0/b/music-142a0.appspot.com/o/music%2FOrange%20-%20'Em%20H%C3%A1t%20Ai%20Nghe'%20Official%20M_V%20(128%20kbps).mp3?alt=media,,
163,Bạn Đời,318,https://vcdn-giaitri.vnecdn.net/2021/01/06/Karik-3463-1609901084.jpg,https://firebasestorage.googleapis.com/v0/b/music-142a0.appspot.com/o/music%2FBạn%20đời-karik.mp3?alt=media,,
164,Em Hát Ai Nghe,332,https://images2.thanhnien.vn/528068263637045248/2023/12/27/qmg05852-1703686735132866224209.jpeg,https://firebasestorage.googleapis.com/v0/b/music-142a0.appspot.com/o/music%2FOrange%20-%20'Em%20H%C3%A1t%20Ai%20Nghe'%20Official%20M_V%20(128%20kbps).mp3?alt=media,,
165,EM LÀ CON THUYỀN CÔ ĐƠN,306,https://firebasestorage.googleapis.com/v0/b/music-142a0.appspot.com/o/thumbnail%2Feltcd.jpg?alt=media,https://firebasestorage.googleapis.com/v0/b/music-142a0.appspot.com/o/music%2FeM%20LÀ%20CON%20THUYỀN%20CÔ%20ĐƠN%20-%20THÁI%20HỌC%20x%20CHÍ%20HƯỚNG%20%5BOFFICIAL%20MUSIC%20VIDEO%5D%20(128%20kbps).mp3?alt=media,,
166,Điều Anh Biết,315,https://images2.thanhnien.vn/528068263637045248/2023/4/4/chi-dan-16805906568881778204975.jpeg,https://firebasestorage.googleapis.com/v0/b/music-142a0.appspot.com/o/music%2FY2meta.app%20-%20Điều%20Anh%20Biết%20_%20%20-%20Chi%20Dân%20(Audio%20Version)%20(128%20kbps).mp3?alt=media,,
167,Vì Người Không Xứng Đáng,284,https://nld.mediacdn.vn/291774122806476800/2021/7/26/tuan-hung-khuyen-ca-si-tre-khong-nen-lam-dung-cover-1-1627263641056652420635.jpg,https://firebasestorage.googleapis.com/v0/b/music-142a0.appspot.com/o/music%2FY2meta.app%20-%20V%C3%AC%20Ng%C6%B0%E1%BB%9Di%20Kh%C3%B4ng%20X%E1%BB%A9ng%20%C4%90%C3%A1ng%20%5BTu%E1%BA%A5n%20H%C6%B0ng%5D%20-%20Remix%20(128%20kbps).mp3?alt=media,,
168,Hẹn Ước Từ Hư Vô,246,https://images2.thanhnien.vn/528068263637045248/2023/7/11/my-tam-121-16890426245471165837760.jpeg,https://firebasestorage.googleapis.com/v0/b/music-142a0.appspot.com/o/music%2FY2meta.app%20-%20M%E1%BB%B8%20T%C3%82M%20-%20H%E1%BA%B8N%20%C6%AF%E1%BB%9AC%20T%E1%BB%AA%20H%C6%AF%20V%C3%94%20(LIVE)%20_%20MY%20SOUL%201981%20(128%20kbps).mp3?alt=media,,
169,Hơn Cả Yêu,343,https://firebasestorage.googleapis.com/v0/b/music-142a0.appspot.com/o/thumbnail%2Fdownload.jpg?alt=media,https://firebasestorage.googleapis.com/v0/b/music-142a0.appspot.com/o/music%2FY2meta.app%20-%20H%C6%A0N%20C%E1%BA%A2%20Y%C3%8AU%20-%20%C4%90%E1%BB%A8C%20PH%C3%9AC%20_%20OFFICIAL%20MUSIC%20VIDEO%20(128%20kbps).mp3?alt=media,,
170,Chạm đáy nỗi đau,369,https://firebasestorage.googleapis.com/v0/b/music-142a0.appspot.com/o/thumbnail%2Fcdnd.jpg?alt=media,https://firebasestorage.googleapis.com/v0/b/music-142a0.appspot.com/o/music%2FY2meta.app%20-%20ERIK%20-%20CH%E1%BA%A0M%20%C4%90%C3%81Y%20N%E1%BB%96I%20%C4%90AU%20M_V%20(ft.%20MR.SIRO)%20(128%20kbps).mp3?alt=media,,
171,Tháng Tư là lời nói dối của em,376,https://firebasestorage.googleapis.com/v0/b/music-142a0.appspot.com/o/thumbnail%2Ft4.jpg?alt=media,https://firebasestorage.googleapis.com/v0/b/music-142a0.appspot.com/o/music%2FY2meta.app%20-%20H%C3%A0%20Anh%20Tu%E1%BA%A5n%20-%20Th%C3%A1ng%20T%C6%B0%20L%C3%A0%20L%E1%BB%9Di%20N%C3%B3i%20D%E1%BB%91i%20C%E1%BB%A7a%20Em%20(Official%20MV)%20(128%20kbps).mp3?alt=media,,
172,ex's hate me,268,https://firebasestorage.googleapis.com/v0/b/music-142a0.appspot.com/o/thumbnail%2Fexhm.jpg?alt=media&token=c84b3afb-225d-4144-b34b-1a2537931c86,https://firebasestorage.googleapis.com/v0/b/music-142a0.appspot.com/o/music%2FY2meta.app%20-%20Ex's%20Hate%20Me%20-%20B%20Ray%20x%20Masew%20(Ft%20AMEE)%20_%20Official%20MV%20(128%20kbps).mp3?alt=media,,
173,Thương em là điều anh không thể ngờ,309,https://firebasestorage.googleapis.com/v0/b/music-142a0.appspot.com/o/thumbnail%2Fmaxresdefault.jpg?alt=media,https://firebasestorage.googleapis.com/v0/b/music-142a0.appspot.com/o/music%2FY2meta.app%20-%20Th%C6%B0%C6%A1ng%20Em%20L%C3%A0%20%C4%90i%E1%BB%81u%20Anh%20Kh%C3%B4ng%20Th%E1%BB%83%20Ng%E1%BB%9D%20(%23TELDAKTN)%20-%20Noo%20Ph%C6%B0%E1%BB%9Bc%20Th%E1%BB%8Bnh%E3%80%8CLyrics%20Video%E3%80%8DM%C6%B0a.%20(128%20kbps).mp3?alt=media,,
174,Ta cứ đi cùng nhau,300,https://firebasestorage.googleapis.com/v0/b/music-142a0.appspot.com/o/thumbnail%2Fab67616d0000b273eca90a2593e3e3f446dfe382.jpg?alt=media,https://firebasestorage.googleapis.com/v0/b/music-142a0.appspot.com/o/music%2FY2meta.app%20-%20%C4%90en%20-%20Ta%20C%E1%BB%A9%20%C4%90i%20C%C3%B9ng%20Nhau%20ft.%20Linh%20C%C3%A1o%20(Prod.%20by%20%20i%20T%E1%BB%85u)%20%5BM_V%5D%20(128%20kbps).mp3?alt=media,,
175,Mười năm,246,https://firebasestorage.googleapis.com/v0/b/music-142a0.appspot.com/o/thumbnail%2Fmn.jpg?alt=media,https://firebasestorage.googleapis.com/v0/b/music-142a0.appspot.com/o/music%2FY2meta.app%20-%20%C4%90en%20-%20M%C6%B0%E1%BB%9Di%20N%C4%83m%20ft.%20Ng%E1%BB%8Dc%20Linh%20(M_V)%20(L%E1%BB%99n%20X%E1%BB%99n%203)%20(128%20kbps).mp3?alt=media,,
176,Yêu 5 ,328,https://firebasestorage.googleapis.com/v0/b/music-142a0.appspot.com/o/thumbnail%2Fmaxresdefault%20(1).jpg?alt=media,https://firebasestorage.googleapis.com/v0/b/music-142a0.appspot.com/o/music%2FY2meta.app%20-%20Rhymastic%20-%20Y%C3%AAu%205%20Remix%20(128%20kbps).mp3?alt=media,,
177,Bông hoa đẹp nhất ,316,https://firebasestorage.googleapis.com/v0/b/music-142a0.appspot.com/o/thumbnail%2Fmaxresdefault%20(2).jpg?alt=media,https://firebasestorage.googleapis.com/v0/b/music-142a0.appspot.com/o/music%2FY2meta.app%20-%20QU%C3%82N%20A.P%20-%20B%C3%94NG%20HOA%20%C4%90%E1%BA%B8P%20NH%E1%BA%A4T%20%5BOFFICIAL%20LYRICS%20VIDEO%5D%20(128%20kbps).mp3?alt=media,,
178,Một bước yêu vạn dặm đau,300,https://firebasestorage.googleapis.com/v0/b/music-142a0.appspot.com/o/thumbnail%2Fmbyv%C4%91.jpg?alt=media,https://firebasestorage.googleapis.com/v0/b/music-142a0.appspot.com/o/music%2FY2meta.app%20-%20M%E1%BB%99t%20B%C6%B0%E1%BB%9Bc%20Y%C3%AAu%2C%20V%E1%BA%A1n%20D%E1%BA%B7m%20%C4%90au%20(Lyrics%20Video)%20-%20Mr.%20Siro%20(128%20kbps).mp3?alt=media,,
179,Ngày mai người ta lấy chồng,353,https://firebasestorage.googleapis.com/v0/b/music-142a0.appspot.com/o/thumbnail%2Fnmntlc.jpg?alt=media,https://firebasestorage.googleapis.com/v0/b/music-142a0.appspot.com/o/music%2FY2meta.app%20-%20NG%C3%80Y%20MAI%20NG%C6%AF%E1%BB%9CI%20TA%20L%E1%BA%A4Y%20CH%E1%BB%92NG%20-%20TH%C3%80NH%20%C4%90%E1%BA%A0T%20x%20%C4%90%C3%94NG%20THI%C3%8AN%20%C4%90%E1%BB%A8C%20_%20MV%20LYRIC%20_%20Ng%C3%A0y%20h%C3%B4m%20%E1%BA%A5y%20em%20%C4%91i%20trong%20m%C6%B0a...%20(128%20kbps).mp3?alt=media,,
180,Yêu em nhưng không với tới,285,https://firebasestorage.googleapis.com/v0/b/music-142a0.appspot.com/o/thumbnail%2Fyenkvt.jpg?alt=media,https://firebasestorage.googleapis.com/v0/b/music-142a0.appspot.com/o/music%2FY2meta.app%20-%20Y%C3%AAu%20Em%20Nh%C6%B0ng%20Kh%C3%B4ng%20V%E1%BB%9Bi%20T%E1%BB%9Bi%20-%20B%C3%B9i%20V%C4%A9nh%20Ph%C3%BAc%20(128%20kbps).mp3?alt=media,,
181,Phía sau một cô gái,273,https://firebasestorage.googleapis.com/v0/b/music-142a0.appspot.com/o/thumbnail%2FB%C3%ACa_%C4%91%C4%A9a_Ph%C3%ADa_sau_m%E1%BB%99t_c%C3%B4_g%C3%A1i.png?alt=media,https://firebasestorage.googleapis.com/v0/b/music-142a0.appspot.com/o/music%2FY2meta.app%20-%20PH%C3%8DA%20SAU%20M%E1%BB%98T%20C%C3%94%20G%C3%81I%20-%20Soobin%20Ho%C3%A0ng%20S%C6%A1n%20(%20OFFICIAL%20Lyric%20Video%20)%20(128%20kbps).mp3?alt=media,,
182,nàng thơ,322,https://firebasestorage.googleapis.com/v0/b/music-142a0.appspot.com/o/thumbnail%2Fnang-tho.jpeg?alt=media,https://firebasestorage.googleapis.com/v0/b/music-142a0.appspot.com/o/music%2FY2meta.app%20-%20N%C3%A0ng%20Th%C6%A1%20_%20Ho%C3%A0ng%20D%C5%A9ng%20_%20Official%20MV%20(128%20kbps).mp3?alt=media,,
183,hoa nở không màu,341,https://firebasestorage.googleapis.com/v0/b/music-142a0.appspot.com/o/thumbnail%2Fhnkm.jpg?alt=media,https://firebasestorage.googleapis.com/v0/b/music-142a0.appspot.com/o/music%2FY2meta.app%20-%20Hoa%20N%E1%BB%9F%20Kh%C3%B4ng%20M%C3%A0u%20_%20Ho%C3%A0i%20L%C3%A2m%20_%20Acoustic%20Version%20(128%20kbps).mp3?alt=media,,
184,cuộc sống em ổn không,348,https://firebasestorage.googleapis.com/v0/b/music-142a0.appspot.com/o/thumbnail%2Fcseok.jpg?alt=media,https://firebasestorage.googleapis.com/v0/b/music-142a0.appspot.com/o/music%2FY2meta.app%20-%20CU%E1%BB%98C%20S%E1%BB%90NG%20EM%20%E1%BB%94N%20KH%C3%94NG%20_%20ANH%20T%C3%9A%20_%20OFFICIAL%20MUSIC%20VIDEO%20(128%20kbps).mp3?alt=media,,
185,BIGCITYBOI,224,https://firebasestorage.googleapis.com/v0/b/music-142a0.appspot.com/o/thumbnail%2FBinz_-_Bigcityboi.jpg?alt=media,https://firebasestorage.googleapis.com/v0/b/music-142a0.appspot.com/o/music%2FY2meta.app%20-%20TOULIVER%20x%20BINZ%20-%20_BIGCITYBOI_%20(Official%20Music%20Video)%20(128%20kbps).mp3?alt=media,,
186,già cùng nhau là được,231,https://firebasestorage.googleapis.com/v0/b/music-142a0.appspot.com/o/thumbnail%2Fsddefault.jpg?alt=media,https://firebasestorage.googleapis.com/v0/b/music-142a0.appspot.com/o/music%2FY2meta.app%20-%20Gi%C3%A0%20C%C3%B9ng%20Nhau%20L%C3%A0%20%C4%90%C6%B0%E1%BB%A3c%20Lyrics%20%20-Tea%20ft.PC(Prod.VoVanDuc)%20_%20Chillsongs%20(128%20kbps).mp3?alt=media,,
187,2AM,268,https://firebasestorage.googleapis.com/v0/b/music-142a0.appspot.com/o/thumbnail%2F1543213836132_640.jpg?alt=media,https://firebasestorage.googleapis.com/v0/b/music-142a0.appspot.com/o/music%2FY2meta.app%20-%202AM%20-%20JustaTee%20%20feat%20Big%20Daddy%20Official%20Audio%20(128%20kbps).mp3?alt=media,,
,,,,,,
